Sensor Reference,Sensor Type,Street location,Lat,Long
1,Vivacity sensor,360 Mill Rd,52.19651,0.15303
2,Vivacity sensor,Mill Rd (SO 1 Mortimer Rd) ,52.20192,0.13245
3,Vivacity sensor,161 Coleridge Road,52.190948,0.145999
4,Vivacity sensor,112 Vinery Rd,52.200019,0.15247
6,Vivacity sensor,OP 6 Station Rd,52.194855,0.132876
7,Vivacity sensor,151/153 Coldhams Ln,52.20377,0.15201
10,Vivacity sensor,O/S ARU East Road,52.20407,0.13294
12,Vivacity sensor,Cycle Bridge Ramp,52.196173,0.137192
13,Vivacity sensor,214 Milton Rd,52.22063,0.13416
14,Vivacity sensor,140 Hills Rd,52.19008,0.13534
15,Vivacity sensor,560 Newmarket Road,52.21288,0.15674
16,Vivacity sensor,140 Perne Road,52.192467,0.154626
18,Vivacity Sensor,OS 396 Milton Rd 3 ,52.226782,0.144505
19,Vivacity Sensor,OS 78/80 Milton Rd 2,52.216725,0.126815
20,Vivacity Sensor,1st column north of city boundary Histon Road,52.23096,0.111544
21,Vivacity Sensor,OS Prince Henry Court Histon Road,52.214759,0.111022
40,Vivacity sensor,117 Cherry Hinton Rd,52.18832,0.14227
41,Vivacity sensor,8 Tenison Road,52.199869,0.13666
